{
  "blocks": [{
      "key": "6f9ro",
      "text": "t-bold t-italic u-underline t-strike t-code t-bold-italic, t-bold-italic-underline, t-bold-underline, t-strike-bold, t-strike-italic, t-strike-underline, t-strike-bold-underline t-bold-code",
      "type": "unstyled",
      "depth": 0,
      "inlineStyleRanges": [{
          "offset": 0,
          "length": 6,
          "style": "BOLD"
        },
        {
          "offset": 44,
          "length": 13,
          "style": "BOLD"
        },
        {
          "offset": 59,
          "length": 23,
          "style": "BOLD"
        },
        {
          "offset": 84,
          "length": 16,
          "style": "BOLD"
        },
        {
          "offset": 102,
          "length": 13,
          "style": "BOLD"
        },
        {
          "offset": 154,
          "length": 23,
          "style": "BOLD"
        },
        {
          "offset": 178,
          "length": 11,
          "style": "BOLD"
        },
        {
          "offset": 7,
          "length": 8,
          "style": "ITALIC"
        },
        {
          "offset": 44,
          "length": 13,
          "style": "ITALIC"
        },
        {
          "offset": 59,
          "length": 23,
          "style": "ITALIC"
        },
        {
          "offset": 117,
          "length": 15,
          "style": "ITALIC"
        },
        {
          "offset": 178,
          "length": 11,
          "style": "ITALIC"
        },
        {
          "offset": 16,
          "length": 11,
          "style": "UNDERLINE"
        },
        {
          "offset": 59,
          "length": 23,
          "style": "UNDERLINE"
        },
        {
          "offset": 84,
          "length": 16,
          "style": "UNDERLINE"
        },
        {
          "offset": 134,
          "length": 18,
          "style": "UNDERLINE"
        },
        {
          "offset": 154,
          "length": 23,
          "style": "UNDERLINE"
        },
        {
          "offset": 28,
          "length": 8,
          "style": "STRIKETHROUGH"
        },
        {
          "offset": 102,
          "length": 13,
          "style": "STRIKETHROUGH"
        },
        {
          "offset": 117,
          "length": 15,
          "style": "STRIKETHROUGH"
        },
        {
          "offset": 134,
          "length": 19,
          "style": "STRIKETHROUGH"
        },
        {
          "offset": 154,
          "length": 23,
          "style": "STRIKETHROUGH"
        },
        {
          "offset": 37,
          "length": 6,
          "style": "CODE"
        },
        {
          "offset": 178,
          "length": 11,
          "style": "CODE"
        }
      ],
      "entityRanges": [],
      "data": {}
    },


    {
			"key": "aa9a0",
			"text": "alignment-left",
			"type": "unstyled",
			"depth": 0,
			"inlineStyleRanges": [],
			"entityRanges": [],
			"data": {}
		},
		{
			"key": "ft3v",
			"text": "alignment-right",
			"type": "editor-align-right     ",
			"depth": 0,
			"inlineStyleRanges": [],
			"entityRanges": [],
			"data": {}
		},
		{
			"key": "2tkhd",
			"text": "alignment-center",
			"type": "editor-align-center     ",
			"depth": 0,
			"inlineStyleRanges": [],
			"entityRanges": [],
			"data": {}
		},
		{
			"key": "2eeba",
			"text": "alignment justify jys ti fy text on editor to make it look evenalignment justify jys ti fy text on editor to make it look evenalignment justify jys ti fy text on editor to make it look evenalignment justify jys ti fy text on editor to make it look evenalignment justify jys ti fy text on editor to make it look even",
			"type": "editor-align-justify     ",
			"depth": 0,
			"inlineStyleRanges": [],
			"entityRanges": [],
			"data": {}
		},
        {
            "key": "fdrfg",
            "text": "direction ltr",
            "type": "  editor-direction-rtl   ",
            "depth": 0,
            "inlineStyleRanges": [],
            "entityRanges": [],
            "data": {}
        },
        {
            "key": "9dq22",
            "text": "direction rtl",
            "type": "  editor-direction-ltr   ",
            "depth": 0,
            "inlineStyleRanges": [],
            "entityRanges": [],
            "data": {}
        },
		{
			"key": "a48uj",
			"text": "hello intent 1",
			"type": "    intent-left-1 ",
			"depth": 0,
			"inlineStyleRanges": [],
			"entityRanges": [],
			"data": {}
		},
		{
			"key": "2kim0",
			"text": "hello intent 2",
			"type": "    intent-left-2 ",
			"depth": 0,
			"inlineStyleRanges": [],
			"entityRanges": [],
			"data": {}
		},
		{
			"key": "9bf3u",
			"text": "this is quote",
			"type": "blockquote",
			"depth": 0,
			"inlineStyleRanges": [],
			"entityRanges": [],
			"data": {}
		},
		{
			"key": "f3pto",
			"text": "line height 2 cess by working together with your team in order to reach your goal by the deadline you set.",
			"type": "   line-height__2-0  ",
			"depth": 0,
			"inlineStyleRanges": [],
			"entityRanges": [],
			"data": {}
		},
		{
			"key": "2g9j9",
			"text": "line height 3 (only this word) cess by working together with your team in order to reach your goal by the deadline you set. by working together with your team in order to reach your goal by the deadline you set.",
			"type": "   line-height__1-2  ",
			"depth": 0,
			"inlineStyleRanges": [],
			"entityRanges": [],
			"data": {}
		},
    {
      "key": "eelu9",
      "text": "list item 1",
      "type": "unordered-list-item",
      "depth": 0,
      "inlineStyleRanges": [],
      "entityRanges": [],
      "data": {}
    },
    {
      "key": "69oi4",
      "text": "list item 2",
      "type": "unordered-list-item",
      "depth": 0,
      "inlineStyleRanges": [],
      "entityRanges": [],
      "data": {}
    },
    {
      "key": "1dvdc",
      "text": "item 2.1",
      "type": "unordered-list-item",
      "depth": 1,
      "inlineStyleRanges": [],
      "entityRanges": [],
      "data": {}
    },
    {
      "key": "3vpmu",
      "text": "item 2.2",
      "type": "unordered-list-item",
      "depth": 1,
      "inlineStyleRanges": [],
      "entityRanges": [],
      "data": {}
    },
    {
      "key": "bhhkv",
      "text": "item 3",
      "type": "unordered-list-item",
      "depth": 0,
      "inlineStyleRanges": [],
      "entityRanges": [],
      "data": {}
    },
    {
      "key": "8ime9",
      "text": "item 3.1",
      "type": "unordered-list-item",
      "depth": 1,
      "inlineStyleRanges": [],
      "entityRanges": [],
      "data": {}
    },
    {
      "key": "5a58n",
      "text": "item 3.1.1",
      "type": "unordered-list-item",
      "depth": 2,
      "inlineStyleRanges": [],
      "entityRanges": [],
      "data": {}
    },
    {
      "key": "ahtso",
      "text": "item 3.1.1.1",
      "type": "unordered-list-item",
      "depth": 3,
      "inlineStyleRanges": [],
      "entityRanges": [],
      "data": {}
    },
    {
      "key": "esck6",
      "text": "item 3.1.1.1.1",
      "type": "unordered-list-item",
      "depth": 4,
      "inlineStyleRanges": [],
      "entityRanges": [],
      "data": {}
    },
    {
      "key": "dkbun",
      "text": "item 3.1.1.1.2",
      "type": "unordered-list-item",
      "depth": 4,
      "inlineStyleRanges": [],
      "entityRanges": [],
      "data": {}
    },
    {
      "key": "91v55",
      "text": "item 3.2",
      "type": "unordered-list-item",
      "depth": 1,
      "inlineStyleRanges": [],
      "entityRanges": [],
      "data": {}
    },
    {
      "key": "6nscr",
      "text": "item 4",
      "type": "unordered-list-item",
      "depth": 0,
      "inlineStyleRanges": [],
      "entityRanges": [],
      "data": {}
    },
    {
      "key": "dts6o",
      "text": "t-Link t-bold-link t-italic-link u-underline-link u-strike-link t-link-color-bold",
      "type": "unstyled",
      "depth": 0,
      "inlineStyleRanges": [{
          "offset": 7,
          "length": 11,
          "style": "BOLD"
        },
        {
          "offset": 64,
          "length": 17,
          "style": "BOLD"
        },
        {
          "offset": 19,
          "length": 13,
          "style": "ITALIC"
        },
        {
          "offset": 33,
          "length": 16,
          "style": "UNDERLINE"
        },
        {
          "offset": 50,
          "length": 13,
          "style": "STRIKETHROUGH"
        },
        {
          "offset": 64,
          "length": 17,
          "style": "rgba(47, 243, 129, 1)"
        }
      ],
      "entityRanges": [{
          "offset": 0,
          "length": 6,
          "key": 0
        },
        {
          "offset": 7,
          "length": 11,
          "key": 1
        },
        {
          "offset": 19,
          "length": 13,
          "key": 2
        },
        {
          "offset": 33,
          "length": 16,
          "key": 3
        },
        {
          "offset": 50,
          "length": 13,
          "key": 4
        },
        {
          "offset": 64,
          "length": 17,
          "key": 5
        }
      ],
      "data": {}
    },
    {
      "key": "5j20",
      "text": "t-color t-background, t-color-background, t-color-background-bold-italic",
      "type": "unstyled",
      "depth": 0,
      "inlineStyleRanges": [{
          "offset": 0,
          "length": 7,
          "style": "rgba(193, 30, 30, 1)"
        },
        {
          "offset": 8,
          "length": 12,
          "style": "bg-rgba(255, 241, 56, 1)"
        },
        {
          "offset": 22,
          "length": 18,
          "style": "bg-rgba(98, 25, 241, 1)"
        },
        {
          "offset": 22,
          "length": 18,
          "style": "rgba(246, 80, 251, 1)"
        },
        {
          "offset": 42,
          "length": 30,
          "style": "rgba(76, 246, 236, 1)"
        },
        {
          "offset": 42,
          "length": 30,
          "style": "BOLD"
        },
        {
          "offset": 42,
          "length": 30,
          "style": "ITALIC"
        },
        {
          "offset": 42,
          "length": 30,
          "style": "bg-rgba(74, 104, 236, 1)"
        }
      ],
      "entityRanges": [],
      "data": {}
    },
    {
      "key": "8bare",
      "text": "t-font-size t-font-weight t-font-family t-font-size-weight t-font-size-family t-font-family-weight",
      "type": "unstyled",
      "depth": 0,
      "inlineStyleRanges": [{
          "offset": 0,
          "length": 11,
          "style": "10px"
        },
        {
          "offset": 59,
          "length": 18,
          "style": "10px"
        },
        {
          "offset": 11,
          "length": 87,
          "style": "Georgia"
        },
        {
          "offset": 11,
          "length": 1,
          "style": "400"
        },
        {
          "offset": 25,
          "length": 15,
          "style": "400"
        },
        {
          "offset": 58,
          "length": 20,
          "style": "400"
        },
        {
          "offset": 12,
          "length": 13,
          "style": "700"
        },
        {
          "offset": 40,
          "length": 18,
          "style": "700"
        },
        {
          "offset": 78,
          "length": 20,
          "style": "700"
        },
        {
          "offset": 40,
          "length": 18,
          "style": "12px"
        }
      ],
      "entityRanges": [],
      "data": {}
    },
    {
      "key": "csu66",
      "text": " ",
      "type": "atomic",
      "depth": 0,
      "inlineStyleRanges": [],
      "entityRanges": [{
        "offset": 0,
        "length": 1,
        "key": 6
      }],
      "data": {}
    },
    {
      "key": "p6du",
      "text": "",
      "type": "unstyled",
      "depth": 0,
      "inlineStyleRanges": [],
      "entityRanges": [],
      "data": {}
    }
  ],
  "entityMap": {
    "0": {
      "type": "LINK",
      "mutability": "MUTABLE",
      "data": {
        "href": "https://playground.lexical.dev/",
        "rel": "noreferrer",
        "url": "https://playground.lexical.dev/"
      }
    },
    "1": {
      "type": "LINK",
      "mutability": "MUTABLE",
      "data": {
        "href": "https://playground.lexical.dev/",
        "rel": "noreferrer",
        "url": "https://playground.lexical.dev/"
      }
    },
    "2": {
      "type": "LINK",
      "mutability": "MUTABLE",
      "data": {
        "href": "https://playground.lexical.dev/",
        "rel": "noreferrer",
        "url": "https://playground.lexical.dev/"
      }
    },
    "3": {
      "type": "LINK",
      "mutability": "MUTABLE",
      "data": {
        "href": "https://playground.lexical.dev/",
        "rel": "noreferrer",
        "url": "https://playground.lexical.dev/"
      }
    },
    "4": {
      "type": "LINK",
      "mutability": "MUTABLE",
      "data": {
        "url": "https://playground.lexical.dev/"
      }
    },
    "5": {
      "type": "LINK",
      "mutability": "MUTABLE",
      "data": {
        "href": "https://playground.lexical.dev/",
        "rel": "noreferrer",
        "url": "https://playground.lexical.dev/"
      }
    },
    "6": {
      "type": "html",
      "mutability": "IMMUTABLE",
      "data": {
        "htmlCode": "HTML codes are not wrapping into next line in mult iple column layouts.\n\n\nHTMLcodesarenotwrappingintonextlineinmultiplcolumnlayouts",
        "config": {
          "editable": true,
          "size": {
            "width": 530,
            "height": 309
          }
        }
      }
    }
  }
}