{"editorState":{"root":{"children":[{"children":[{"detail":0,"format":1,"mode":"normal","style":"","text":"t-bold","type":"text","version":1},{"detail":0,"format":0,"mode":"normal","style":"","text":" ","type":"text","version":1},{"detail":0,"format":2,"mode":"normal","style":"","text":"t-italic","type":"text","version":1},{"detail":0,"format":0,"mode":"normal","style":"","text":" ","type":"text","version":1},{"detail":0,"format":8,"mode":"normal","style":"","text":"u-underline","type":"text","version":1},{"detail":0,"format":0,"mode":"normal","style":"","text":" ","type":"text","version":1},{"detail":0,"format":4,"mode":"normal","style":"","text":"t-strike","type":"text","version":1},{"detail":0,"format":0,"mode":"normal","style":"","text":" ","type":"text","version":1},{"detail":0,"format":16,"mode":"normal","style":"","text":"t-code","type":"text","version":1},{"detail":0,"format":0,"mode":"normal","style":"","text":" ","type":"text","version":1},{"detail":0,"format":3,"mode":"normal","style":"","text":"t-bold-italic","type":"text","version":1},{"detail":0,"format":0,"mode":"normal","style":"","text":", ","type":"text","version":1},{"detail":0,"format":11,"mode":"normal","style":"","text":"t-bold-italic-underline","type":"text","version":1},{"detail":0,"format":0,"mode":"normal","style":"","text":", ","type":"text","version":1},{"detail":0,"format":9,"mode":"normal","style":"","text":"t-bold-underline","type":"text","version":1},{"detail":0,"format":0,"mode":"normal","style":"","text":", ","type":"text","version":1},{"detail":0,"format":5,"mode":"normal","style":"","text":"t-strike-bold","type":"text","version":1},{"detail":0,"format":0,"mode":"normal","style":"","text":", ","type":"text","version":1},{"detail":0,"format":6,"mode":"normal","style":"","text":"t-strike-italic","type":"text","version":1},{"detail":0,"format":0,"mode":"normal","style":"","text":", ","type":"text","version":1},{"detail":0,"format":12,"mode":"normal","style":"","text":"t-strike-underline","type":"text","version":1},{"detail":0,"format":4,"mode":"normal","style":"","text":",","type":"text","version":1},{"detail":0,"format":0,"mode":"normal","style":"","text":" ","type":"text","version":1},{"detail":0,"format":13,"mode":"normal","style":"","text":"t-strike-bold-underline","type":"text","version":1},{"detail":0,"format":0,"mode":"normal","style":"","text":" ","type":"text","version":1},{"detail":0,"format":19,"mode":"normal","style":"","text":"t-bold-code","type":"text","version":1}],"type":"paragraph","version":1,"textFormat":1,"textStyle":"","style":"line-height: 2.0; margin-top: 10px;"},{"children":[{"detail":0,"format":0,"mode":"normal","style":"","text":"alignment-left","type":"text","version":1}],"type":"paragraph","version":1,"textFormat":1,"textStyle":"","style":"line-height: 2.0; margin-top: 10px;"},{"children":[{"detail":0,"format":0,"mode":"normal","style":"","text":"alignment-right","type":"text","version":1}],"type":"paragraph","version":1,"textFormat":1,"textStyle":"","format":"right","style":"line-height: 2.0; margin-top: 10px;"},{"children":[{"detail":0,"format":0,"mode":"normal","style":"","text":"alignment-center","type":"text","version":1}],"type":"paragraph","version":1,"textFormat":1,"textStyle":"","format":"center","style":"line-height: 2.0; margin-top: 10px;"},{"children":[{"detail":0,"format":0,"mode":"normal","style":"","text":"alignment justify jys ti fy text on editor to make it look evenalignment justify jys ti fy text on editor to make it look evenalignment justify jys ti fy text on editor to make it look evenalignment justify jys ti fy text on editor to make it look evenalignment justify jys ti fy text on editor to make it look even","type":"text","version":1}],"type":"paragraph","version":1,"textFormat":1,"textStyle":"","format":"justify","style":"line-height: 2.0; margin-top: 10px;"},{"children":[{"detail":0,"format":0,"mode":"normal","style":"","text":"direction ltr","type":"text","version":1}],"type":"paragraph","version":1,"textFormat":1,"textStyle":"","direction":"rtl","style":"line-height: 2.0; margin-top: 10px;"},{"children":[{"detail":0,"format":0,"mode":"normal","style":"","text":"direction rtl","type":"text","version":1}],"type":"paragraph","version":1,"textFormat":1,"textStyle":"","direction":"ltr","style":"line-height: 2.0; margin-top: 10px;"},{"children":[{"detail":0,"format":0,"mode":"normal","style":"","text":"hello intent 1","type":"text","version":1}],"type":"paragraph","version":1,"textFormat":1,"textStyle":"","indent":1,"style":"line-height: 2.0; margin-top: 10px;"},{"children":[{"detail":0,"format":0,"mode":"normal","style":"","text":"hello intent 2","type":"text","version":1}],"type":"paragraph","version":1,"textFormat":1,"textStyle":"","indent":2,"style":"line-height: 2.0; margin-top: 10px;"},{"children":[{"detail":0,"format":0,"mode":"normal","style":"","text":"this is quote","type":"text","version":1}],"type":"quote","version":1,"textFormat":1,"textStyle":"","style":"line-height: 2.0; margin-top: 10px;"},{"children":[{"detail":0,"format":0,"mode":"normal","style":"","text":"line height 2 cess by working together with your team in order to reach your goal by the deadline you set.","type":"text","version":1}],"type":"paragraph","version":1,"textFormat":1,"textStyle":"","style":"line-height: 2.0; margin-top: 10px;"},{"children":[{"detail":0,"format":0,"mode":"normal","style":"","text":"line height 3 (only this word) cess by working together with your team in order to reach your goal by the deadline you set. by working together with your team in order to reach your goal by the deadline you set.","type":"text","version":1}],"type":"paragraph","version":1,"textFormat":1,"textStyle":"","style":"line-height: 2.0; margin-top: 10px;"},{"children":[{"children":[{"detail":0,"format":0,"mode":"normal","style":"","text":"t-Link","type":"text","version":1}],"direction":"ltr","format":"","indent":0,"type":"link","version":1,"rel":"noreferrer","target":null,"title":null,"url":"https://playground.lexical.dev/"},{"detail":0,"format":0,"mode":"normal","style":"","text":" ","type":"text","version":1},{"children":[{"detail":0,"format":1,"mode":"normal","style":"","text":"t-bold-link","type":"text","version":1}],"direction":"ltr","format":"","indent":0,"type":"link","version":1,"rel":"noreferrer","target":null,"title":null,"url":"https://playground.lexical.dev/"},{"detail":0,"format":0,"mode":"normal","style":"","text":" ","type":"text","version":1},{"children":[{"detail":0,"format":2,"mode":"normal","style":"","text":"t-italic-link","type":"text","version":1}],"direction":"ltr","format":"","indent":0,"type":"link","version":1,"rel":"noreferrer","target":null,"title":null,"url":"https://playground.lexical.dev/"},{"detail":0,"format":0,"mode":"normal","style":"","text":" ","type":"text","version":1},{"children":[{"detail":0,"format":8,"mode":"normal","style":"","text":"u-underline-link","type":"text","version":1}],"direction":"ltr","format":"","indent":0,"type":"link","version":1,"rel":"noreferrer","target":null,"title":null,"url":"https://playground.lexical.dev/"},{"detail":0,"format":0,"mode":"normal","style":"","text":" ","type":"text","version":1},{"children":[{"detail":0,"format":4,"mode":"normal","style":"","text":"u-strike-link","type":"text","version":1}],"direction":"ltr","format":"","indent":0,"type":"link","version":1,"rel":"noreferrer","target":null,"title":null,"url":"https://playground.lexical.dev/"},{"detail":0,"format":0,"mode":"normal","style":"","text":" ","type":"text","version":1},{"children":[{"detail":0,"format":1,"mode":"normal","style":"color: rgba(47, 243, 129, 1);","text":"t-link-color-bold","type":"text","version":1}],"direction":"ltr","format":"","indent":0,"type":"link","version":1,"rel":"noreferrer","target":null,"title":null,"url":"https://playground.lexical.dev/"}],"type":"paragraph","version":1,"textFormat":1,"textStyle":"","style":"line-height: 2.0; margin-top: 10px;"},{"children":[{"detail":0,"format":0,"mode":"normal","style":"color: rgba(193, 30, 30, 1);","text":"t-color","type":"text","version":1},{"detail":0,"format":0,"mode":"normal","style":"","text":" ","type":"text","version":1},{"detail":0,"format":0,"mode":"normal","style":"background-color: rgba(255, 241, 56, 1);","text":"t-background","type":"text","version":1},{"detail":0,"format":0,"mode":"normal","style":"","text":", ","type":"text","version":1},{"detail":0,"format":0,"mode":"normal","style":"background-color: rgba(98, 25, 241, 1);;color: rgba(246, 80, 251, 1);","text":"t-color-background","type":"text","version":1},{"detail":0,"format":0,"mode":"normal","style":"","text":", ","type":"text","version":1},{"detail":0,"format":3,"mode":"normal","style":"color: rgba(76, 246, 236, 1);;background-color: rgba(74, 104, 236, 1);","text":"t-color-background-bold-italic","type":"text","version":1}],"type":"paragraph","version":1,"textFormat":1,"textStyle":"","style":"line-height: 2.0; margin-top: 10px;"},{"children":[{"detail":0,"format":0,"mode":"normal","style":"font-size: 10px;","text":"t-font-size","type":"text","version":1},{"detail":0,"format":0,"mode":"normal","style":"font-family: georgia;;font-weight: 400;","text":" ","type":"text","version":1},{"detail":0,"format":0,"mode":"normal","style":"font-family: georgia;;font-weight: 700;","text":"t-font-weight","type":"text","version":1},{"detail":0,"format":0,"mode":"normal","style":"font-family: georgia;;font-weight: 400;","text":" t-font-family ","type":"text","version":1},{"detail":0,"format":0,"mode":"normal","style":"font-family: georgia;;font-weight: 700;;font-size: 12px;","text":"t-font-size-weight","type":"text","version":1},{"detail":0,"format":0,"mode":"normal","style":"font-family: georgia;;font-weight: 400;","text":" ","type":"text","version":1},{"detail":0,"format":0,"mode":"normal","style":"font-size: 10px;;font-family: georgia;;font-weight: 400;","text":"t-font-size-family","type":"text","version":1},{"detail":0,"format":0,"mode":"normal","style":"font-family: georgia;;font-weight: 400;","text":" ","type":"text","version":1},{"detail":0,"format":0,"mode":"normal","style":"font-family: georgia;;font-weight: 700;","text":"t-font-family-weight","type":"text","version":1}],"type":"paragraph","version":1,"textFormat":1,"textStyle":"","style":"line-height: 2.0; margin-top: 10px;"},{"children":[{"detail":0,"format":0,"mode":"normal","style":"","text":" ","type":"text","version":1}],"type":"paragraph","version":1,"textFormat":1,"textStyle":"","style":"line-height: 2.0; margin-top: 10px;"},{"children":[],"type":"paragraph","version":1,"textFormat":1,"textStyle":"","style":"line-height: 2.0; margin-top: 10px;"}],"direction":"ltr","format":"","indent":0,"type":"root","version":1}}}