{
    "t": "root",
    "defaults": {
        "d": "ltr",
        "f": "",
        "i": 0,
        "v": 1
    },
    "c": [{
        "c": [{
            "tx": "t-bold",
            "t": "text",
            "f": 1
        }, {
            "tx": " ",
            "t": "text"
        }, {
            "tx": "t-italic",
            "t": "text",
            "f": 2
        }, {
            "tx": " ",
            "t": "text"
        }, {
            "tx": "t-underlin",
            "t": "text",
            "f": 8
        }, {
            "tx": "e ",
            "t": "text"
        }, {
            "tx": "t-strike",
            "t": "text",
            "f": 4
        }, {
            "tx": " ",
            "t": "text"
        }, {
            "tx": "t-color",
            "t": "text",
            "s": "color: rgba(235, 43, 43, 1);"
        }, {
            "tx": " ",
            "t": "text"
        }, {
            "tx": "t-background-color",
            "t": "text",
            "s": "color: rgba(243, 255, 44, 1);background-color: rgba(26, 67, 240, 1);"
        }, {
            "tx": " ",
            "t": "text"
        }, {
            "c": [{
                "tx": "t-link",
                "t": "text"
            }],
            "t": "link",
            "rel": "noreferrer",
            "target": null,
            "title": null,
            "url": "https://playground.lexical.dev/"
        }, {
            "tx": " ",
            "t": "text"
        }, {
            "tx": "t-bold-italic",
            "t": "text",
            "f": 3
        }, {
            "tx": " ",
            "t": "text"
        }, {
            "tx": "t-italic-strike",
            "t": "text",
            "f": 6
        }, {
            "tx": " ",
            "t": "text"
        }, {
            "tx": "t-font-size",
            "t": "text",
            "s": "font-size: 10px;"
        }, {
            "tx": " ",
            "t": "text"
        }, {
            "tx": "t-font-family",
            "t": "text",
            "s": "font-family: asset;"
        }, {
            "tx": " ",
            "t": "text"
        }, {
            "tx": "t-font-weight",
            "t": "text",
            "s": "font-weight: 700;"
        }, {
            "tx": " ",
            "t": "text"
        }, {
            "tx": "t-font-size-color",
            "t": "text",
            "s": "font-size: 10px;color: rgba(74, 74, 74, 1);"
        }, {
            "tx": " ",
            "t": "text"
        }, {
            "tx": "t-font-fam-color-italic",
            "t": "text",
            "s": "font-family: calligraffitti;color: rgba(246, 34, 34, 1);",
            "f": 2
        }, {
            "tx": " ",
            "t": "text"
        }, {
            "c": [{
                "tx": "t-font-link-color",
                "t": "text",
                "s": "color: rgba(32, 43, 241, 1);font-family: calligraffitti;"
            }],
            "t": "link",
            "rel": "noreferrer",
            "target": null,
            "title": null,
            "url": "https://playground.lexical.dev/"
        }, {
            "tx": " ",
            "t": "text"
        }, {
            "tx": "t-background",
            "t": "text",
            "s": "background-color: rgba(250, 245, 33, 1);"
        }, {
            "tx": " ",
            "t": "text"
        }, {
            "c": [{
                "tx": "t-link-strike-underline",
                "t": "text",
                "f": 12
            }],
            "t": "link",
            "rel": "noreferrer",
            "target": null,
            "title": null,
            "url": "https://playground.lexical.dev/"
        }, {
            "tx": ".",
            "t": "text"
        }],
        "t": "paragraph"
    }, {
        "c": [],
        "t": "paragraph"
    }, {
        "c": [{
            "tx": "this is quote",
            "t": "text"
        }],
        "t": "quote"
    }, {
        "t": "list",
        "listType": "bullet",
        "start": 1,
        "tag": "ul",
        "c": [{
            "t": "listitem",
            "c": [{
                "tx": "this is list",
                "t": "text"
            }]
        }, {
            "t": "listitem",
            "c": [{
                "tx": "item 2",
                "t": "text"
            }]
        }, {
            "t": "list",
            "listType": "bullet",
            "start": 1,
            "tag": "ul",
            "c": [{
                "t": "listitem",
                "c": [{
                    "tx": "item 2.1",
                    "t": "text"
                }]
            }]
        }, {
            "t": "listitem",
            "c": [{
                "tx": "item 3",
                "t": "text"
            }]
        }]
    }, {
        "c": [{
            "tx": "left-alignment",
            "t": "text"
        }],
        "t": "paragraph",
        "f": "left"
    }, {
        "c": [{
            "tx": "right-alignment",
            "t": "text"
        }],
        "t": "paragraph",
        "f": "right"
    }, {
        "c": [{
            "tx": "justify-alignment text to make it evenly spread over the editor or the view justify alignment text to make it evenly spread over the editor or the view",
            "t": "text"
        }],
        "t": "paragraph",
        "f": "justify"
    }, {
        "c": [{
            "tx": "center-alignment",
            "t": "text"
        }],
        "t": "paragraph",
        "f": "center"
    }, {
        "c": [{
            "tx": "intent-level 1",
            "t": "text"
        }],
        "t": "paragraph",
        "i": 1
    }, {
        "c": [{
            "tx": "intent-level 2",
            "t": "text"
        }],
        "t": "paragraph",
        "i": 2
    }]
}