{"type":"root","defaults":{"direction":"ltr","format":"","indent":0,"version":1},"children":[{"children":[{"text":"t-bold","type":"text","format":1},{"text":" ","type":"text"},{"text":"t-italic","type":"text","format":2},{"text":" ","type":"text"},{"text":"t-underlin","type":"text","format":8},{"text":"e ","type":"text"},{"text":"t-strike","type":"text","format":4},{"text":" ","type":"text"},{"text":"t-color","type":"text","style":"color: rgba(235, 43, 43, 1);"},{"text":" ","type":"text"},{"text":"t-background-color","type":"text","style":"color: rgba(243, 255, 44, 1);background-color: rgba(26, 67, 240, 1);"},{"text":" ","type":"text"},{"children":[{"text":"t-link","type":"text"}],"type":"link","rel":"noreferrer","target":null,"title":null,"url":"https://playground.lexical.dev/"},{"text":" ","type":"text"},{"text":"t-bold-italic","type":"text","format":3},{"text":" ","type":"text"},{"text":"t-italic-strike","type":"text","format":6},{"text":" ","type":"text"},{"text":"t-font-size","type":"text","style":"font-size: 10px;"},{"text":" ","type":"text"},{"text":"t-font-family","type":"text","style":"font-family: asset;"},{"text":" ","type":"text"},{"text":"t-font-weight","type":"text","style":"font-weight: 700;"},{"text":" ","type":"text"},{"text":"t-font-size-color","type":"text","style":"font-size: 10px;color: rgba(74, 74, 74, 1);"},{"text":" ","type":"text"},{"text":"t-font-fam-color-italic","type":"text","style":"font-family: calligraffitti;color: rgba(246, 34, 34, 1);","format":2},{"text":" ","type":"text"},{"children":[{"text":"t-font-link-color","type":"text","style":"color: rgba(32, 43, 241, 1);font-family: calligraffitti;"}],"type":"link","rel":"noreferrer","target":null,"title":null,"url":"https://playground.lexical.dev/"},{"text":" ","type":"text"},{"text":"t-background","type":"text","style":"background-color: rgba(250, 245, 33, 1);"},{"text":" ","type":"text"},{"children":[{"text":"t-link-strike-underline","type":"text","format":12}],"type":"link","rel":"noreferrer","target":null,"title":null,"url":"https://playground.lexical.dev/"},{"text":".","type":"text"}],"type":"paragraph"},{"children":[],"type":"paragraph"},{"children":[{"text":"this is quote","type":"text"}],"type":"quote"},{"type":"list","listType":"bullet","start":1,"tag":"ul","children":[{"type":"listitem","children":[{"text":"this is list","type":"text"}]},{"type":"listitem","children":[{"text":"item 2","type":"text"}]},{"type":"list","listType":"bullet","start":1,"tag":"ul","children":[{"type":"listitem","children":[{"text":"item 2.1","type":"text"}]}]},{"type":"listitem","children":[{"text":"item 3","type":"text"}]}]},{"children":[{"text":"left-alignment","type":"text"}],"type":"paragraph","format":"left"},{"children":[{"text":"right-alignment","type":"text"}],"type":"paragraph","format":"right"},{"children":[{"text":"justify-alignment text to make it evenly spread over the editor or the view justify alignment text to make it evenly spread over the editor or the view","type":"text"}],"type":"paragraph","format":"justify"},{"children":[{"text":"center-alignment","type":"text"}],"type":"paragraph","format":"center"},{"children":[{"text":"intent-level 1","type":"text"}],"type":"paragraph","indent":1},{"children":[{"text":"intent-level 2","type":"text"}],"type":"paragraph","indent":2}]}