{"_id":"302348b8635ba37785e87feb","pid":"89da1136-f305-4145-95c2-6c24a7dc040a","uid":"63a2e784d26c6433602e5359","auid":"","name":"Ashiq+Kuma+dey Prospero","state":"published","draft":{"variables":{"client":{"firstName":{"count":0,"value":"Prospect"},"lastName":{"count":0,"value":"Name"},"fullName":{"count":0,"value":"Prospect Name"},"email":{"count":0,"value":""},"phone":{"count":0,"value":""},"company":{"count":0,"value":""},"VAT":{"count":0,"value":""},"streetAddress":{"count":0,"value":""},"city":{"count":0,"value":""},"postalCode":{"count":0,"value":""},"state":{"count":0,"value":""},"country":{"count":0,"value":""}},"proposal":{"name":{"count":0,"value":"New Design, Web, Video, Marketing, Copy and [service name] Proposal"},"title":{"count":0,"value":"New Design, Web, Video, Marketing, Copy and [service name] Proposal"},"number":{"count":0,"value":"100495"},"quote":{"count":0,"value":"$251.00 - $23456.00"},"discount":{"count":0,"value":"undefined - undefined"},"subTotal":{"count":0,"value":"251.00 - 23456.00 $"},"tax":{"count":0,"value":"undefined - undefined"},"total":{"count":0,"value":"251.00 - 23456.00 $"},"sentDate":{"count":0,"value":"18-11-2024"},"createdDate":{"count":0,"value":"15-10-2024"},"expireDate":{"count":0,"value":null}},"sender":{"firstName":{"count":0,"value":"Ashiq+Kuma+dey"},"lastName":{"count":0,"value":"Prospero"},"fullName":{"count":0,"value":"Ashiq+Kuma+dey Prospero"},"email":{"count":0,"value":"ashiq@goprospero.com"},"phone":{"count":0,"value":"6787687687"},"company":{"count":0,"value":"Grocered"},"VAT":{"count":0,"value":"1233434"}},"sender2":{"firstName":{"count":0,"value":""},"lastName":{"count":0,"value":""},"fullName":{"count":0,"value":" "},"email":{"count":0,"value":""},"phone":{"count":0,"value":""}},"custom":{}},"header":{"by":"<p>By</p>\n","rawby":{"t":"root","defaults":{"d":"ltr","f":"","i":0,"v":1},"c":[{"c":[{"tx":"By","t":"text"}],"t":"paragraph"}]},"contact":"<p>Contact</p>\n","rawcontact":{"t":"root","defaults":{"d":"ltr","f":"","i":0,"v":1},"c":[{"c":[{"tx":"Contact","t":"text"}],"t":"paragraph"}]},"title":"New Design, Web, Video, Marketing, Copy and [service name] Proposal","rawtitle":{"t":"root","defaults":{"d":"ltr","f":"","i":0,"v":1},"c":[{"c":[{"tx":"New Design, Web, Video, Marketing, Copy and [service name] Proposal","t":"text"}],"t":"paragraph"}]},"subtitle":"Prepared For<br>Prospect Name<br>15/10/24","rawsubtitle":{"t":"root","defaults":{"d":"ltr","f":"","i":0,"v":1},"c":[{"c":[{"tx":"Prepared For\nProspect Name\n15/10/24","t":"text"}],"t":"paragraph"}]},"name":"Ashiq+Kuma+dey Prospero","rawname":{"t":"root","defaults":{"d":"ltr","f":"","i":0,"v":1},"c":[{"c":[{"tx":"Ashiq+Kuma+dey Prospero","t":"text"}],"t":"paragraph"}]},"email":"ashiq@goprospero.com","rawemail":{"t":"root","defaults":{"d":"ltr","f":"","i":0,"v":1},"c":[{"c":[{"tx":"ashiq@goprospero.com","t":"text"}],"t":"paragraph"}]},"logo":"https://dr08qaykn9isr.cloudfront.net/props/39016b926ff940693b0f16bf/logo/6436a7733d90bf6a5f8fb79b.jpg","cover":"https://dr08qaykn9isr.cloudfront.net/application/covers/09.jpg","color":"rgba(0,0,0,0.4)","originalState":{"by":"<p>By</p>\n","rawby":{"t":"root","defaults":{"d":"ltr","f":"","i":0,"v":1},"c":[{"c":[{"tx":"By","t":"text"}],"t":"paragraph"}]},"contact":"<p>Contact</p>\n","rawcontact":{"t":"root","defaults":{"d":"ltr","f":"","i":0,"v":1},"c":[{"c":[{"tx":"Contact","t":"text"}],"t":"paragraph"}]},"title":"New Design, Web, Video, Marketing, Copy and [service name] Proposal","rawtitle":{"t":"root","defaults":{"d":"ltr","f":"","i":0,"v":1},"c":[{"c":[{"tx":"New Design, Web, Video, Marketing, Copy and [service name] Proposal","t":"text"}],"t":"paragraph"}]},"subtitle":"Prepared For<br>Prospect Name<br>15/10/24","rawsubtitle":{"t":"root","defaults":{"d":"ltr","f":"","i":0,"v":1},"c":[{"c":[{"tx":"Prepared For\nProspect Name\n15/10/24","t":"text"}],"t":"paragraph"}]},"name":"Ashiq+Kuma+dey Prospero","rawname":{"t":"root","defaults":{"d":"ltr","f":"","i":0,"v":1},"c":[{"c":[{"tx":"Ashiq+Kuma+dey Prospero","t":"text"}],"t":"paragraph"}]},"email":"ashiq@goprospero.com","rawemail":{"t":"root","defaults":{"d":"ltr","f":"","i":0,"v":1},"c":[{"c":[{"tx":"ashiq@goprospero.com","t":"text"}],"t":"paragraph"}]}},"headerConfig":{"title":"Poppins","family":"Poppins","weight":400,"weights":[400,700],"color1":"white","color2":"#d2d2d2","color3":"black","fontSize":"36px","position":"normal","cover":"top","contact":"block","coverTextAlignment":"custom","logoPosition":"left","subtitleFontSize":"24px"},"titleStyle":{"titleWidth":750,"titleDisplay":"block"},"headline":"HeadlineHeadlineHeadlineHeadlineHeadline"},"overview":{"title":"<p>Overview</p>\n","rawtitle":{"t":"root","defaults":{"d":"ltr","f":"","i":0,"v":1},"c":[{"c":[{"tx":"Overview","t":"text"}],"t":"paragraph"}]},"subrawtitle":{"t":"root","defaults":{"d":"ltr","f":"","i":0,"v":1},"c":[{"c":[{"tx":"alignment-left","t":"text"}],"t":"paragraph"},{"c":[{"tx":"alignment-right","t":"text"}],"t":"paragraph","f":"right"},{"c":[{"tx":"alignment-center","t":"text"}],"t":"paragraph","f":"center"},{"c":[{"tx":"alignment justify","t":"text"}],"t":"paragraph","f":"justify"},{"c":[{"tx":"jys ti fy text on editor to make it look even","t":"text"}],"t":"paragraph","f":"justify"}]},"text":"<div>I will provide the following services for you: [add services required here]</div><div>The aim of the project is to help drive business success by working together with your team in order to reach your goal by the deadline you set.</div>","raw":{"t":"root","defaults":{"d":"ltr","f":"","i":0,"v":1},"c":[{"c":[{"tx":"tabled","t":"text"}],"t":"paragraph"},{"t":"table","colWidths":[92,92,92],"c":[{"t":"tablerow","v":1,"i":0,"d":null,"f":"","c":[{"t":"tablecell","colSpan":1,"rowSpan":1,"backgroundColor":"#244be9","headerState":3,"c":[{"c":[{"t":"text","tx":"11"}]}]},{"t":"tablecell","colSpan":1,"rowSpan":1,"backgroundColor":"#244be9","headerState":3,"c":[{"c":[{"t":"text","tx":"12"}]}]},{"t":"tablecell","colSpan":1,"rowSpan":1,"backgroundColor":"#244be9","headerState":3,"c":[{"c":[{"t":"text","tx":"13"}]}]}]},{"t":"tablerow","v":1,"i":0,"d":null,"f":"","c":[{"t":"tablecell","colSpan":1,"rowSpan":1,"backgroundColor":"#fd7b7b","headerState":0,"c":[{"c":[{"t":"text","tx":"21"}]}]},{"t":"tablecell","colSpan":1,"rowSpan":1,"backgroundColor":"#fd7b7b","headerState":0,"c":[{"c":[{"t":"text","tx":"22"}]}]},{"t":"tablecell","colSpan":1,"rowSpan":1,"backgroundColor":"#fd7b7b","headerState":0,"c":[{"c":[{"t":"text","tx":"23"}]}]}]}]},{"c":[],"t":"paragraph"}]},"numberOfColumns":1,"typeOfColumns":"single","raw1":{"blocks":{"0":{"key":"4c9s","text":"helloTheaimoftheprojectistohelpdrivebusinesssuchelloTheaimoftheprojectistohelpdrivebusinesssuc.","type":"blockquote","depth":0,"inlineStyleRanges":{"0":{"offset":0,"length":95,"style":"HIGHLIGHT-AI"}},"entityRanges":{},"data":{}}},"entityMap":{}}},"whyme2":{},"pricing2":{"title":"<p>Cost</p>\n","rawtitle":{"t":"root","defaults":{"d":"ltr","f":"","i":0,"v":1},"c":[{"c":[{"tx":"Cost","t":"text"}],"t":"paragraph"}]},"subrawtitle":{"t":"root","defaults":{"d":"ltr","f":"","i":0,"v":1},"c":[{"c":[],"t":"paragraph"}]},"raw":{"t":"root","defaults":{"d":"ltr","f":"","i":0,"v":1},"c":[{"c":[{"tx":"Here's a breakdown of the deliverables we've discussed and their cost:","t":"text"}],"t":"paragraph"},{"c":[],"t":"paragraph"},{"c":[],"t":"paragraph"},{"t":"TOKEN","data":"{\"pricing\":{\"strategy\":\"table\"},\"curr\":\"$\",\"deliverables\":{\"chosen\":{\"OPTION 1\":{\"total\":0,\"list\":[{\"name\":\"UX Wireframes\",\"id\":\"b508f24f-b229-4a4a-b839-4b741a4e6c04\",\"price\":\"251\",\"type\":null,\"chosen\":false,\"selected\":false,\"currentPrice\":\"251\"},{\"name\":\"Fully Responsive Website Design\",\"id\":\"5d9c75c6-a0d5-42f6-bf0a-74793055ec1a\",\"price\":0,\"type\":null,\"chosen\":false,\"selected\":false}]},\"OPTION 2\":{\"total\":\"\",\"list\":[{\"id\":\"3a7f634b-0618-40c7-a99d-c7a250b5d017\",\"name\":\"Everything on option 1\",\"price\":0,\"type\":null}]},\"OPTION 3\":{\"total\":\"\",\"list\":[{\"id\":\"c31b4086-10fe-402e-b94c-41aa4831512c\",\"name\":\"Everything on option 2\",\"price\":0,\"type\":null}]}}},\"roundTotal\":false,\"priceSeperator\":\"none\",\"decimalPrecision\":2,\"language\":\"english\"}"},{"c":[],"t":"paragraph"},{"c":[],"t":"paragraph"},{"c":[],"t":"paragraph"},{"c":[],"t":"paragraph"},{"c":[],"t":"paragraph"},{"c":[],"t":"paragraph"}]}},"milestones2":{"title":"<p>Milestones</p>\n","rawtitle":{"t":"root","defaults":{"d":"ltr","f":"","i":0,"v":1},"c":[{"c":[{"tx":"Milestones","t":"text"}],"t":"paragraph"}]},"subrawtitle":{"t":"root","defaults":{"d":"ltr","f":"","i":0,"v":1},"c":[{"c":[],"t":"paragraph"}]},"raw":{"t":"root","defaults":{"d":"ltr","f":"","i":0,"v":1},"c":[{"c":[{"tx":"Assuming that we have all necessary materials ready, here are the suggested milestones:","t":"text"}],"t":"paragraph"},{"c":[],"t":"paragraph"},{"t":"TOKEN","data":"{\"milestones\":{\"chosen\":{\"OPTION 1\":{\"total\":\"\",\"list\":[{\"name\":\"Kickoff Meeting\",\"id\":\"23f676e9-5e39-45d4-87bd-7b0de11dca06\",\"price\":0,\"type\":null,\"chosen\":false,\"selected\":false},{\"name\":\"Research\",\"id\":\"d90d9957-ceeb-45b4-8004-a09506cdcf7e\",\"price\":0,\"type\":null,\"chosen\":false,\"selected\":false}]},\"OPTION 2\":{\"total\":\"\",\"list\":[{\"id\":\"bf788067-d588-451b-a35c-81084783eeb2\",\"name\":\"Everything on option 1\",\"price\":0,\"type\":null}]},\"OPTION 3\":{\"total\":\"\",\"list\":[{\"id\":\"6f7ea37b-f139-4d97-b841-501b0fe95629\",\"name\":\"Everything on option 2\",\"price\":0,\"type\":null}]}}}}"},{"c":[],"t":"paragraph"}]}},"terms":{"title":"<p>Terms</p>\n","rawtitle":{"t":"root","defaults":{"d":"ltr","f":"","i":0,"v":1},"c":[{"c":[{"tx":"Terms","t":"text"}],"t":"paragraph"}]},"subrawtitle":{"t":"root","defaults":{"d":"ltr","f":"","i":0,"v":1},"c":[{"c":[],"t":"paragraph"}]},"text":"<ol>\n  <li>Payment structure: 50% upfront, 50% after approval of the final work. Payment via Paypal or bank transfer.</li>\n  <li>Resources needed for the design, such as fonts, stock photos, and icons, are not included in the prices above. Those will be paid for by the client, and the right to use them shall be theirs.</li>\n  <li>Additional work for components that appear in the scope of work will be charged [termsrate] per hour (e.g. beyond the number of revisions described).</li>\n  <li>New components that are not described in the scope of work will be assessed in a new estimate.</li>\n  <li>Business day count starts only after the client provides all resources requested, such as images, contact details, etc.</li>\n  <li>Usage rights: After the work is completed and payment has been received, the client will own the rights to the design.</li>\n  <li>In the case of project cancellation after the work has started, the client will pay for the relative part of the work.</li>\n</ol>","raw":{"t":"root","defaults":{"d":"ltr","f":"","i":0,"v":1},"c":[{"t":"list","listType":"number","start":1,"tag":"ol","c":[{"t":"listitem","c":[{"tx":"Payment structure: 50% upfront, 50% after approval of the final work. Payment via Paypal or bank transfer.","t":"text"}]},{"t":"listitem","c":[{"tx":"Resources needed for the design, such as fonts, stock photos, and icons, are not included in the prices above. Those will be paid for by the client, and the right to use them shall be theirs.","t":"text"}]},{"t":"listitem","c":[{"tx":"Additional work for components that appear in the scope of work will be charged [termsrate] per hour (e.g. beyond the number of revisions described).","t":"text"}]},{"t":"listitem","c":[{"tx":"New components that are not described in the scope of work will be assessed in a new estimate.","t":"text"}]},{"t":"listitem","c":[{"tx":"Business day count starts only after the client provides all resources requested, such as images, contact details, etc.","t":"text"}]},{"t":"listitem","c":[{"tx":"Usage rights: After the work is completed and payment has been received, the client will own the rights to the design.","t":"text"}]},{"t":"listitem","c":[{"tx":"In the case of project cancellation after the work has started, the client will pay for the relative part of the work.","t":"text"}]}]}]}},"whatsnext":{"title":"<p>What&#39;s Next</p>\n","rawtitle":{"t":"root","defaults":{"d":"ltr","f":"","i":0,"v":1},"c":[{"c":[{"tx":"What's Next","t":"text"}],"t":"paragraph"}]},"subrawtitle":{"t":"root","defaults":{"d":"ltr","f":"","i":0,"v":1},"c":[{"c":[],"t":"paragraph"}]},"text":"<p>I will be happy to answer any question regarding this proposal. You can reach me at my phone or at ashiq@goprospero.com.<br>Once you approve this proposal, we will set up a meeting to further discuss details, dates and milestones.<br>Once the first payment is in, and the resources needed arrive, we can start the actual work. </p>\n","raw":{"t":"root","defaults":{"d":"ltr","f":"","i":0,"v":1},"c":[{"c":[{"tx":"I will be happy to answer any question regarding this proposal. You can reach me at my phone or at ashiq@goprospero.com.\nOnce you approve this proposal, we will set up a meeting to further discuss details, dates and milestones.\nOnce the first payment is in, and the resources needed arrive, we can start the actual work.","t":"text"}],"t":"paragraph"}]}},"signature":{"title":"<p>Signature</p>\n","rawtitle":{"t":"root","defaults":{"d":"ltr","f":"","i":0,"v":1},"c":[{"c":[{"tx":"Signature","t":"text"}],"t":"paragraph"}]},"myname":"Ashiq+Kuma+dey Prospero","rawmyname":{"t":"root","defaults":{"d":"ltr","f":"","i":0,"v":1},"c":[{"c":[{"tx":"Ashiq+Kuma+dey Prospero","t":"text"}],"t":"paragraph"}]},"name":"Prospect Name","rawname":{"t":"root","defaults":{"d":"ltr","f":"","i":0,"v":1},"c":[{"c":[{"tx":"Prospect Name","t":"text"}],"t":"paragraph"}]},"signature":"contact","btnText":"Sign Proposal 1","btnText2":"Sign Proposal 6"},"sectionorder":["f543b7bd-91ef-4623-8502-73710f240ae1","2977373d-2f00-4bc9-86cc-cb2b57602ce7","overview","56eec90b-39f4-47b5-8188-622e99aadc44","9e0b392b-a7fd-4581-94ec-4c1de4e0c1d4","b36667b6-d685-47cc-999d-c75b5fb4b5e6","923a3768-117d-4235-924f-a91c15c5a844","fe30c03f-610e-460d-b27f-282bdbd5ae1c","whyme2","pricing2","milestones2","whatsnext","terms"],"bodyFont":{"title":"Poppins","family":"\"Poppins\", sans-serif","weight":400,"weights":[400,700],"color1":"white","color2":"#4a4a4a","color3":"black","fontSize":"20px"},"titleFont":{"position":"normal","cover":"top","contact":"block","coverTextAlignment":"custom","logoPosition":"left","title":"Poppins","family":"Poppins","weight":400,"weights":[400,700],"color1":"white","color2":"#d2d2d2","color3":"black","fontSize":"36px","subtitleFontSize":"24px"},"subTitleFont":{"title":"Poppins","family":"\"Poppins\", sans-serif","weight":400,"weights":{"0":400,"1":700},"color1":"gray","fontSize":"18px"},"466a6843-9013-44bf-b8e7-8bd6b866c1ca":{"title":"<div></div>","text":"<div></div>","subtitle":"<div></div>","titlePosition":"top"},"a302eac7-f43b-4b6a-89ff-5667fa061784":{"title":"<div></div>","text":"<div></div>","subtitle":"<div></div>","titlePosition":"top","raw":{"t":"root","defaults":{"d":"ltr","f":"","i":0,"v":1},"c":[{"c":[{"tx":"hello hi hio","t":"text"}],"t":"paragraph"}]}},"a0a55f49-ebef-4e03-bd60-69ec905530e1":{"title":"<div></div>","text":"<div></div>","subtitle":"<div></div>","titlePosition":"top"},"e2fe2a11-450e-4e27-b5f7-f6e7ac473d7b":{"title":"<div></div>","text":"<div></div>","subtitle":"<div></div>","titlePosition":"large"},"46711a45-0ac6-4ed5-a3ed-d8a0bcc08f91":{"title":"<div></div>","text":"<div></div>","subtitle":"<div></div>","titlePosition":"top"},"2977373d-2f00-4bc9-86cc-cb2b57602ce7":{"title":"<div></div>","text":"<div></div>","subtitle":"<div></div>","titlePosition":"large","raw":{"t":"root","defaults":{"d":"ltr","f":"","i":0,"v":1},"c":[{"c":[{"tx":"t-bold","t":"text","f":1},{"tx":" ","t":"text"},{"tx":"t-italic","t":"text","f":2},{"tx":" ","t":"text"},{"tx":"u-underline","t":"text","f":8},{"tx":" ","t":"text"},{"tx":"t-strike","t":"text","f":4},{"tx":" ","t":"text"},{"tx":"t-code","t":"text","f":16},{"tx":" ","t":"text"},{"tx":"t-bold-italic","t":"text","f":3},{"tx":", ","t":"text"},{"tx":"t-bold-italic-underline","t":"text","f":11},{"tx":", ","t":"text"},{"tx":"t-bold-underline","t":"text","f":9},{"tx":", ","t":"text"},{"tx":"t-strike-bold","t":"text","f":5},{"tx":", ","t":"text"},{"tx":"t-strike-italic","t":"text","f":6},{"tx":", ","t":"text"},{"tx":"t-strike-underline","t":"text","f":12},{"tx":",","t":"text","f":4},{"tx":" ","t":"text"},{"tx":"t-strike-bold-underline","t":"text","f":13},{"tx":" ","t":"text"},{"tx":"t-bold-code","t":"text","f":19}],"t":"paragraph"},{"c":[{"c":[{"tx":"t-Link","t":"text"}],"t":"link","rel":"noreferrer","target":null,"title":null,"url":"https://playground.lexical.dev/"},{"tx":" ","t":"text"},{"c":[{"tx":"t-bold-link","t":"text","f":1}],"t":"link","rel":"noreferrer","target":null,"title":null,"url":"https://playground.lexical.dev/"},{"tx":" ","t":"text"},{"c":[{"tx":"t-italic-link","t":"text","f":2}],"t":"link","rel":"noreferrer","target":null,"title":null,"url":"https://playground.lexical.dev/"},{"tx":" ","t":"text"},{"c":[{"tx":"u-underline-link","t":"text","f":8}],"t":"link","rel":"noreferrer","target":null,"title":null,"url":"https://playground.lexical.dev/"},{"tx":" ","t":"text"},{"c":[{"tx":"u-strike-link","t":"text","f":4}],"t":"link","rel":"noreferrer","target":null,"title":null,"url":"https://playground.lexical.dev/"},{"tx":" ","t":"text"},{"c":[{"tx":"t-link-color-bold","t":"text","s":"color: rgba(47, 243, 129, 1);","f":1}],"t":"link","rel":"noreferrer","target":null,"title":null,"url":"https://playground.lexical.dev/"}],"t":"paragraph"},{"c":[{"tx":"t-color","t":"text","s":"color: rgba(193, 30, 30, 1);"},{"tx":" ","t":"text"},{"tx":"t-background","t":"text","s":"background-color: rgba(255, 241, 56, 1);"},{"tx":", ","t":"text"},{"tx":"t-color-background","t":"text","s":"background-color: rgba(98, 25, 241, 1);color: rgba(246, 80, 251, 1);"},{"tx":", ","t":"text"},{"tx":"t-color-background-bold-italic","t":"text","s":"color: rgba(76, 246, 236, 1);background-color: rgba(74, 104, 236, 1);","f":3}],"t":"paragraph"},{"c":[{"tx":"t-font-size","t":"text","s":"font-size: 10px;"},{"tx":" ","t":"text","s":"font-family: georgia;font-weight: 400;"},{"tx":"t-font-weight","t":"text","s":"font-family: georgia;font-weight: 700;"},{"tx":" t-font-family ","t":"text","s":"font-family: georgia;font-weight: 400;"},{"tx":"t-font-size-weight","t":"text","s":"font-family: georgia;font-weight: 700;font-size: 12px;"},{"tx":" ","t":"text","s":"font-family: georgia;font-weight: 400;"},{"tx":"t-font-size-family","t":"text","s":"font-size: 10px;font-family: georgia;font-weight: 400;"},{"tx":" ","t":"text","s":"font-family: georgia;font-weight: 400;"},{"tx":"t-font-family-weight","t":"text","s":"font-family: georgia;font-weight: 700;"}],"t":"paragraph"},{"t":"html","data":"HTML codes are not wrapping into next line in mult iple column layouts.\n\n\nHTMLcodesarenotwrappingintonextlineinmultiplcolumnlayouts","config":{"editable":true,"size":{"width":530,"height":309}}},{"c":[{"tx":"Hello this is a quote","t":"text"}],"t":"quote"},{"t":"form","data":[{"key":"First Name","value":"","selected":true,"saved":true},{"key":"Last Name","value":"","selected":true,"saved":true},{"key":"Please fill the form below","custom":false,"head":true,"saved":false},{"key":"ID Number","value":"","saved":false},{"key":"Birthday","value":"","saved":false},{"key":"Date","value":"","saved":false},{"key":"Company Name","value":"","saved":false},{"key":"URL","value":"","saved":false},{"key":"Phone Number","value":"","saved":false},{"key":"Email","value":"","saved":false},{"key":"Note","value":"","saved":false}],"config":{"editable":false,"columns":1}},{"c":[],"t":"paragraph"},{"t":"media","data":"https://www.youtube-nocookie.com/embed/YHu6BM9vyBE","config":{"title":"\"I Just Changed My Prediction Because of This\" - Samson Mow 2025 Bitcoin Prediction","author_name":"Jamie Tree ","author_url":"https://www.youtube.com/@JamieTree","t":"video","height":113,"width":200,"v":"1.0","provider_name":"YouTube","provider_url":"https://www.youtube.com/","thumbnail_height":360,"thumbnail_width":480,"thumbnail_url":"https://i.ytimg.com/vi/YHu6BM9vyBE/hqdefault.jpg","html":"<iframe width=\"200\" height=\"113\" src=\"https://www.youtube.com/embed/YHu6BM9vyBE?feature=oembed\" frameborder=\"0\" allow=\"accelerometer; autoplay; clipboard-write; encrypted-media; gyroscope; picture-in-picture; web-share\" referrerpolicy=\"strict-origin-when-cross-origin\" allowfullscreen title=\"&quot;I Just Changed My Prediction Because of This&quot; - Samson Mow 2025 Bitcoin Prediction\"></iframe>","original_link":"https://www.youtube.com/watch?v=YHu6BM9vyBE"}},{"c":[],"t":"paragraph"},{"t":"image","src":"https://dr08qaykn9isr.cloudfront.net/props/302348b8635ba37785e87feb/section/6740655857f9049a993c515a.png","config":{"opacity":1,"editable":true,"alignment":"right","border":{"borderWidth":5,"borderColor":{"hsl":{"h":339.8561528043927,"s":1,"l":0.5,"a":1},"hex":"#ff0056","rgb":{"r":255,"g":0,"b":86,"a":1},"hsv":{"h":339.8561528043927,"s":1,"v":1,"a":1},"oldHue":339.8561528043927}},"shadow":{"xOffset":0,"spread":9,"hueColor":{"hsl":{"h":54.57313393646816,"s":1,"l":0.5,"a":1},"hex":"#ffe800","rgb":{"r":255,"g":232,"b":0,"a":1},"hsv":{"h":54.57313393646816,"s":1,"v":1,"a":1},"oldHue":54.57313393646816}}},"hyperlink":"https://playground.lexical.dev/","width":525,"height":524,"maxWidth":"inherit"},{"c":[],"t":"paragraph"},{"c":[{"tx":"\\","t":"text"}],"t":"paragraph"},{"c":[],"t":"paragraph"},{"c":[],"t":"paragraph"},{"c":[],"t":"paragraph"},{"c":[],"t":"paragraph"},{"c":[],"t":"paragraph"},{"c":[],"t":"paragraph"},{"c":[],"t":"paragraph"},{"c":[],"t":"paragraph"}]},"numberOfColumns":1,"typeOfColumns":"single","raw1":{"blocks":{"0":{"key":"7emhc","text":"hello ide the fofffinhelloices required here","type":"","depth":0,"inlineStyleRanges":{"0":{"offset":10,"length":3,"style":"Anton"},"1":{"offset":10,"length":3,"style":"400"},"2":{"offset":36,"length":5,"style":"BOLD"}},"entityRanges":{},"data":{}},"1":{"key":"ddc0b","text":" ","type":"atomic","depth":0,"inlineStyleRanges":{},"entityRanges":{"0":{"offset":0,"length":1,"key":0}},"data":{}},"2":{"key":"26abv","text":"","type":"unstyled","depth":0,"inlineStyleRanges":{},"entityRanges":{},"data":{}}},"entityMap":{"0":{"type":"html","mutability":"IMMUTABLE","data":{"htmlCode":"HTML codes are not wrapping into next line in mult iple column layouts.\n\n\nHTMLcodesarenotwrappingintonextlineinmultiplcolumnlayouts","config":{"editable":true,"size":{"width":530,"height":300}}}}}},"rawtitle":{"t":"root","defaults":{"d":"ltr","f":"","i":0,"v":1},"c":[{"c":[{"tx":"hi","t":"text"}],"t":"paragraph"}]}},"tocExclude":{},"fe30c03f-610e-460d-b27f-282bdbd5ae1c":{"raw":{"t":"root","defaults":{"d":"ltr","f":"","i":0,"v":1},"c":[{"c":[{"tx":"End of table","t":"text"}],"t":"paragraph"},{"t":"horizontalrule"},{"c":[{"tx":"text after divider","t":"text"}],"t":"paragraph"},{"c":[],"t":"paragraph"},{"t":"form","data":[{"key":"First Name","value":"","selected":true,"saved":true,"required":true},{"key":"Phone Number","value":"","selected":true,"saved":true},{"key":"Please fill the form below","custom":false,"head":true,"saved":false},{"key":"Last Name","value":"","saved":false},{"key":"ID Number","value":"","saved":false},{"key":"Birthday","value":"","saved":false},{"key":"Date","value":"","saved":false},{"key":"Company Name","value":"","saved":false},{"key":"URL","value":"","saved":false},{"key":"Email","value":"","saved":false},{"key":"Note","value":"","saved":false},{"key":"New Field 11","value":"","editable":true,"saved":false}],"config":{"editable":false,"columns":2}},{"c":[],"t":"paragraph"},{"t":"image","src":"https://dr08qaykn9isr.cloudfront.net/props/302348b8635ba37785e87feb/section/673af5f72b40d0f2ef371f2f.jpg","config":{"opacity":1,"editable":true,"alignment":"left","border":{},"shadow":{}},"width":525,"height":524,"maxWidth":"inherit"},{"c":[],"t":"paragraph"},{"t":"gallery","data":[{"i":"1","w":332,"h":188,"image":"https://dr08qaykn9isr.cloudfront.net/props/302348b8635ba37785e87feb/media/63a2e784d26c6433602e5359/654df5cb0fb83dd9942e44b7.png"},{"i":"2","w":206,"h":155,"image":"https://dr08qaykn9isr.cloudfront.net/props/302348b8635ba37785e87feb/media/63a2e784d26c6433602e5359/655dab8df8c99dcbc86a662b.png"},{"i":"3","w":337,"h":352,"image":"https://dr08qaykn9isr.cloudfront.net/props/302348b8635ba37785e87feb/media/63a2e784d26c6433602e5359/655dab8d04c1f94a4506e03c.png"}],"config":{}},{"c":[],"t":"paragraph"},{"t":"media","data":"https://www.youtube-nocookie.com/embed/olp1v4JUe3k","config":{"title":"1 day to 1 year of cubing","author_name":"theAZ","author_url":"https://www.youtube.com/@the_AZ","t":"video","height":113,"width":200,"v":"1.0","provider_name":"YouTube","provider_url":"https://www.youtube.com/","thumbnail_height":360,"thumbnail_width":480,"thumbnail_url":"https://i.ytimg.com/vi/olp1v4JUe3k/hqdefault.jpg","html":"<iframe width=\"200\" height=\"113\" src=\"https://www.youtube.com/embed/olp1v4JUe3k?feature=oembed\" frameborder=\"0\" allow=\"accelerometer; autoplay; clipboard-write; encrypted-media; gyroscope; picture-in-picture; web-share\" referrerpolicy=\"strict-origin-when-cross-origin\" allowfullscreen title=\"1 day to 1 year of cubing\"></iframe>","original_link":"https://www.youtube.com/watch?v=olp1v4JUe3k"}},{"c":[],"t":"paragraph"},{"t":"TOKEN","data":"{\"pricing\":{\"strategy\":\"table\"},\"curr\":\"$\",\"deliverables\":{\"chosen\":{\"OPTION 1\":{\"total\":0,\"list\":[{\"name\":\"UX Wireframes\",\"id\":\"b508f24f-b229-4a4a-b839-4b741a4e6c04\",\"price\":\"23456\",\"type\":null,\"chosen\":false,\"selected\":false,\"currentPrice\":\"23456\"},{\"name\":\"Fully Responsive Website Design\",\"id\":\"5d9c75c6-a0d5-42f6-bf0a-74793055ec1a\",\"price\":0,\"type\":null,\"chosen\":false,\"selected\":false}]},\"OPTION 2\":{\"total\":\"\",\"list\":[{\"id\":\"3a7f634b-0618-40c7-a99d-c7a250b5d017\",\"name\":\"Everything on option 1\",\"price\":0,\"type\":null}]},\"OPTION 3\":{\"total\":\"\",\"list\":[{\"id\":\"c31b4086-10fe-402e-b94c-41aa4831512c\",\"name\":\"Everything on option 2\",\"price\":0,\"type\":null}]}}},\"roundTotal\":false,\"priceSeperator\":\"none\",\"decimalPrecision\":2,\"language\":\"english\"}"},{"t":"TOKEN","data":"{\"milestones\":{\"chosen\":{\"OPTION 1\":{\"total\":\"\",\"list\":[{\"name\":\"Kickoff Meeting\",\"id\":\"23f676e9-5e39-45d4-87bd-7b0de11dca06\",\"price\":0,\"type\":null,\"chosen\":false,\"selected\":false,\"time\":\"7890\"},{\"name\":\"Research\",\"id\":\"d90d9957-ceeb-45b4-8004-a09506cdcf7e\",\"price\":0,\"type\":null,\"chosen\":false,\"selected\":false}]},\"OPTION 2\":{\"total\":\"\",\"list\":[{\"id\":\"bf788067-d588-451b-a35c-81084783eeb2\",\"name\":\"Everything on option 1\",\"price\":0,\"type\":null}]},\"OPTION 3\":{\"total\":\"\",\"list\":[{\"id\":\"6f7ea37b-f139-4d97-b841-501b0fe95629\",\"name\":\"Everything on option 2\",\"price\":0,\"type\":null}]}}}}"},{"c":[],"t":"paragraph"},{"t":"testimonial","data":[{"name":"Testimonial name1","tx":"This logic ensures that the horizontal rule is correctly handled and can coexist with other block types like lists and tables."},{"name":"jhon doe","tx":"That the horizontal rule is correctly handled and can coexist with other block types like lists and tables."},{"name":"","tx":""}],"config":{"backgroundColor":"#2222d9","count":3,"horizontal":false,"color":"#f696c9"}},{"c":[],"t":"paragraph"}]}},"56eec90b-39f4-47b5-8188-622e99aadc44":{"title":"<div></div>","text":"<div></div>","subtitle":"<div></div>","titlePosition":"none","rawtitle":{"t":"root","defaults":{"d":"ltr","f":"","i":0,"v":1},"c":[{"c":[],"t":"paragraph"}]},"subrawtitle":{"t":"root","defaults":{"d":"ltr","f":"","i":0,"v":1},"c":[{"c":[],"t":"paragraph"}]},"raw":{"t":"root","defaults":{"d":"ltr","f":"","i":0,"v":1},"c":[{"c":[{"tx":"direction ltr","t":"text"}],"t":"paragraph"},{"c":[{"tx":"direction rtl","t":"text"}],"t":"paragraph"}]}},"e4061e32-6b62-4b73-8b29-1a3d07be8b09":{"raw":{"t":"root","defaults":{"d":"ltr","f":"","i":0,"v":1},"c":[{"c":[{"tx":"hello intent 1","t":"text"}],"t":"paragraph","i":2},{"c":[{"tx":"hello intent 2hello intent 2","t":"text"}],"t":"paragraph","i":3}]}},"9e0b392b-a7fd-4581-94ec-4c1de4e0c1d4":{"title":"<div></div>","text":"<div></div>","subtitle":"<div></div>","titlePosition":"none","rawtitle":{"t":"root","defaults":{"d":"ltr","f":"","i":0,"v":1},"c":[{"c":[],"t":"paragraph"}]},"subrawtitle":{"t":"root","defaults":{"d":"ltr","f":"","i":0,"v":1},"c":[{"c":[],"t":"paragraph"}]},"raw":{"t":"root","defaults":{"d":"ltr","f":"","i":0,"v":1},"c":[{"c":[{"tx":"hello intent 1","t":"text"}],"t":"paragraph","i":1},{"c":[{"tx":"hello intent 2","t":"text"}],"t":"paragraph","i":2},{"c":[{"tx":"hello intent 3","t":"text"}],"t":"paragraph","i":3},{"c":[{"tx":"hello intent 4","t":"text"}],"t":"paragraph","i":4},{"c":[{"tx":"hello intent 5","t":"text"}],"t":"paragraph","i":5},{"c":[{"tx":"hello intent 6","t":"text"}],"t":"paragraph","i":6},{"c":[{"tx":"hello intent 7","t":"text"}],"t":"paragraph","i":7},{"c":[{"tx":"hello intent 8","t":"text"}],"t":"paragraph","i":8},{"c":[{"tx":"hello intent 9","t":"text"}],"t":"paragraph","i":9},{"c":[{"tx":"hello intent 10","t":"text"}],"t":"paragraph","i":10},{"c":[{"tx":"hello intent 11","t":"text"}],"t":"paragraph","i":11},{"c":[{"tx":"hello intent 12","t":"text"}],"t":"paragraph","i":12},{"c":[{"tx":"hello intent 13","t":"text"}],"t":"paragraph","i":13},{"c":[{"tx":"hello intent 14","t":"text"}],"t":"paragraph","i":13}]}},"b36667b6-d685-47cc-999d-c75b5fb4b5e6":{"title":"<div></div>","text":"<div></div>","subtitle":"<div></div>","titlePosition":"none","rawtitle":{"t":"root","defaults":{"d":"ltr","f":"","i":0,"v":1},"c":[{"c":[],"t":"paragraph"}]},"subrawtitle":{"t":"root","defaults":{"d":"ltr","f":"","i":0,"v":1},"c":[{"c":[],"t":"paragraph"}]},"raw":{"t":"root","defaults":{"d":"ltr","f":"","i":0,"v":1},"c":[{"c":[{"tx":"this is para","t":"text"}],"t":"paragraph"},{"c":[{"tx":"this is quote","t":"text"}],"t":"quote"}]}},"923a3768-117d-4235-924f-a91c15c5a844":{"title":"<div></div>","text":"<div></div>","subtitle":"<div></div>","titlePosition":"none","rawtitle":{"t":"root","defaults":{"d":"ltr","f":"","i":0,"v":1},"c":[{"c":[],"t":"paragraph"}]},"subrawtitle":{"t":"root","defaults":{"d":"ltr","f":"","i":0,"v":1},"c":[{"c":[],"t":"paragraph"}]},"raw":{"t":"root","defaults":{"d":"ltr","f":"","i":0,"v":1},"c":[{"c":[{"tx":"line height 2 cess by working together with your team in order to reach your goal by the deadline you set.","t":"text"}],"t":"paragraph","s":"line-height: 2.0;"},{"c":[{"tx":"line height 3 (only this word) cess by working together with your team in order to reach your goal by the deadline you set. by working together with your team in order to reach your goal by the deadline you set.","t":"text"}],"t":"paragraph","s":"line-height: 1.2;"}]}},"f543b7bd-91ef-4623-8502-73710f240ae1":{"title":"<div></div>","text":"<div></div>","subtitle":"<div></div>","titlePosition":"none","rawtitle":{"t":"root","defaults":{"d":"ltr","f":"","i":0,"v":1},"c":[{"c":[],"t":"paragraph"}]},"subrawtitle":{"t":"root","defaults":{"d":"ltr","f":"","i":0,"v":1},"c":[{"c":[],"t":"paragraph"}]},"raw":{"t":"root","defaults":{"d":"ltr","f":"","i":0,"v":1},"c":[{"t":"list","listType":"number","start":1,"tag":"ol","c":[{"t":"listitem","c":[{"tx":"list it","t":"text","f":1},{"tx":"e","t":"text"},{"tx":"m ","t":"text","f":2},{"tx":"1","t":"text"}]},{"t":"listitem","c":[{"tx":"l","t":"text"},{"tx":"is","t":"text","f":8},{"tx":"t ","t":"text"},{"tx":"it","t":"text","s":"font-size: 10px;"},{"tx":"em","t":"text","s":"font-size: 10px;color: rgba(37, 66, 234, 1);"},{"tx":" 2","t":"text","s":"color: rgba(37, 66, 234, 1);"}]},{"t":"list","listType":"number","start":1,"tag":"ol","c":[{"t":"listitem","c":[{"tx":"item 2.1","t":"text"}]},{"t":"listitem","c":[{"tx":"item 2.2","t":"text"}]}]}]},{"c":[{"tx":"hyp","t":"text"},{"tx":"h","t":"text","s":"background-color: rgba(229, 44, 44, 1);color: rgba(244, 237, 86, 1);"},{"tx":"en","t":"text","s":"background-color: rgba(229, 44, 44, 1);color: rgba(244, 237, 86, 1);","f":1},{"tx":" i","t":"text","s":"background-color: rgba(229, 44, 44, 1);color: rgba(244, 237, 86, 1);"},{"tx":"tem","t":"text","s":"background-color: rgba(229, 44, 44, 1);color: rgba(244, 237, 86, 1);","f":10},{"tx":" 1","t":"text"}],"t":"paragraph"},{"t":"list","listType":"bullet","start":1,"tag":"ul","c":[{"t":"listitem","c":[{"tx":"hyp","t":"text"},{"tx":"en it","t":"text","f":4},{"tx":"em 2","t":"text"}],"className":"item-hyphen"},{"t":"list","listType":"bullet","start":1,"tag":"ul","c":[{"t":"listitem","c":[{"tx":"hy","t":"text"},{"tx":"p ","t":"text","f":1},{"c":[{"tx":"it","t":"text","f":1}],"t":"link","rel":"noreferrer","target":null,"title":null,"url":"https://test.goprospero.com/"},{"c":[{"tx":"e","t":"text","f":3}],"t":"link","rel":"noreferrer","target":null,"title":null,"url":"https://test.goprospero.com/"},{"c":[{"tx":"m","t":"text","f":2}],"t":"link","rel":"noreferrer","target":null,"title":null,"url":"https://test.goprospero.com/"},{"tx":" 2","t":"text","f":2},{"tx":".1","t":"text"}],"className":"item-hyphen"}]},{"t":"listitem","c":[{"tx":"tick item 1","t":"text"}],"className":"item-check"},{"t":"listitem","c":[{"tx":"tick item 2","t":"text"}],"className":"item-check"},{"t":"list","listType":"bullet","start":1,"tag":"ul","c":[{"t":"listitem","c":[{"tx":"tick item 2.1","t":"text"}],"className":"item-check"}]}]},{"t":"list","listType":"number","start":1,"tag":"ol","c":[{"t":"listitem","c":[{"tx":"alpha item 1","t":"text"}],"className":"item-alpha"},{"t":"listitem","c":[{"tx":"alpha item 2","t":"text"}],"className":"item-alpha"},{"t":"list","listType":"number","start":1,"tag":"ol","c":[{"t":"listitem","c":[{"tx":"alpha item 2.1","t":"text"}],"className":"item-alpha"}]}]},{"t":"list","listType":"bullet","start":1,"tag":"ul","c":[{"t":"listitem","c":[{"tx":"dot item 1","t":"text"}]},{"t":"listitem","c":[{"tx":"dot item 2","t":"text"}]},{"t":"list","listType":"bullet","start":1,"tag":"ul","c":[{"t":"listitem","c":[{"tx":"dot item 2.1","t":"text"}]}]}]}]}}},"email":"ashiq@goprospero.com","channel":"63a2e784d26c6433602e5359","client":{"contact":"Prospect Name","name":null,"desc":null,"address":null,"text":null,"email":null},"seenTime":null,"seenCount":null,"lastSeen":null,"openLogs":[],"date":"2024-10-15T10:05:56.184Z","project":{"name":"New Design, Web, Video, Marketing, Copy and [service name] Proposal","type":"design web video marketing copy other","othertype":"","desc":"I will provide the following services for you: [add services required here]","goals":"The aim of the project is to help drive business success by working together with your team in order to reach your goal by the deadline you set."},"version":16,"sawyou":true,"pnum":"100495","pricing":{"strategy":"table"},"deliverables":{"chosen":{"OPTION 1":{"total":"","list":[{"name":"UX Wireframes","id":"b508f24f-b229-4a4a-b839-4b741a4e6c04","price":0,"type":null,"chosen":false,"selected":false},{"name":"Fully Responsive Website Design","id":"5d9c75c6-a0d5-42f6-bf0a-74793055ec1a","price":0,"type":null,"chosen":false,"selected":false}]},"OPTION 2":{"total":"","list":[{"id":"3a7f634b-0618-40c7-a99d-c7a250b5d017","name":"Everything on option 1","price":0,"type":null}]},"OPTION 3":{"total":"","list":[{"id":"c31b4086-10fe-402e-b94c-41aa4831512c","name":"Everything on option 2","price":0,"type":null}]}}},"milestones":{"chosen":{"OPTION 1":{"total":"","list":[{"name":"Kickoff Meeting","id":"23f676e9-5e39-45d4-87bd-7b0de11dca06","price":0,"type":null,"chosen":false,"selected":false},{"name":"Research","id":"d90d9957-ceeb-45b4-8004-a09506cdcf7e","price":0,"type":null,"chosen":false,"selected":false}]},"OPTION 2":{"total":"","list":[{"id":"bf788067-d588-451b-a35c-81084783eeb2","name":"Everything on option 1","price":0,"type":null}]},"OPTION 3":{"total":"","list":[{"id":"6f7ea37b-f139-4d97-b841-501b0fe95629","name":"Everything on option 2","price":0,"type":null}]}}},"sawmilestones":true,"superPowers":null,"curr":null,"priceSeperator":"none","decimalPrecision":2,"language":"english","expiryDate":null,"expiryMessage":"This proposal has expired. Contact Ashiq+Kuma+dey Prospero for more information.","currency":"$","callButton":"block","contactButton":"block","contactnumber":"6787687687","enablePayment":null,"clientPayableAmount":null,"clientPayableLabel":null,"clientPayableCurrency":null,"clientPayableLink":null,"userway":null,"scripts":["hei","fgfg"],"chatway":null,"chatwayScripts":null,"stripe":{"stripe_user_id":"acct_1MM7pRPfKNjN9ejK","isActive":false,"type":"stripe"},"payment":null,"published":"946684800000","disableSig":null,"signatureEmails":[],"selectedOption":null,"prevState":"edit","payedfor":null,"redirectTo":"https://secure.cardcom.solutions/EA/EA5/uAi26RMwAkChohOjfviJaw/Order","redirectAfter":8,"proposalRedirectAfter":8,"proposalRedirectTo":"https://secure.cardcom.solutions/EA/EA5/uAi26RMwAkChohOjfviJaw/Order","sigOptions":["draw","upload","type"],"contactOptions":[{"option":"email","value":"ashiq@goprospero.com","enabled":true},{"option":"call","value":"","enabled":true},{"option":"whatsapp","value":"","enabled":true}],"sigtype":"sigdraw","signature":null,"attachments":[],"isEditing":null,"wixConnectedInstance":null,"importedProposal":false,"fromUserTemplate":null,"spamUrls":[{"url":"https://spamurl.com/q9","blocked":true},{"url":"https://spamurl.com/q8","blocked":true},{"url":"https://spamurl.com/q7","blocked":true},{"url":"https://spamurl.com/q4","blocked":true},{"url":"https://spamurl.com/r3","blocked":true},{"url":"https://spamurl.com/r2","blocked":true},{"url":"https://spamurl.com/r8","blocked":true},{"url":"https://spamurl.com/r9","blocked":true}],"wixProposalId":null,"isBasicTemplate":null,"wixPricing":null,"isWixTemplate":null,"tags":["67249d078f663d2d28540d06","66cc79b4ab4b5b60ec0f23fb","66c756b5803097cbb6c6af9f"]}